-- update browser type
UPDATE driver_type SET name = 'WebBrowser' WHERE name = 'Browser';

-- new driver type
INSERT INTO driver_type (id, name) VALUES (2, 'APP');
INSERT INTO driver_type (id, name) VALUES (3, 'Tablet');
INSERT INTO driver_type (id, name) VALUES (4, 'JDBC');
INSERT INTO driver_type (id, name) VALUES (5, 'API');

-- insert app driver
INSERT INTO driver_vendor (id,name,driver_type_id) VALUES (6,'Android',2);
INSERT INTO driver_vendor (id,name,driver_type_id) VALUES (7,'iPhone',2);

-- insert tablet driver
INSERT INTO driver_vendor (id,name,driver_type_id) VALUES (8,'iPad',3);

-- isnert jdbc driver
INSERT INTO driver_vendor (id,name,driver_type_id) VALUES (10,'Oracle',4);
INSERT INTO driver_vendor (id,name,driver_type_id) VALUES (11,'MySQL',4);
INSERT INTO driver_vendor (id,name,driver_type_id) VALUES (12,'MSSQLServer',4);
INSERT INTO driver_vendor (id,name,driver_type_id) VALUES (13,'PostgreSQL',4);
INSERT INTO driver_vendor (id,name,driver_type_id) VALUES (14,'MariaDB',4);
INSERT INTO driver_vendor (id,name,driver_type_id) VALUES (15,'SQLite',4);
INSERT INTO driver_vendor (id,name,driver_type_id) VALUES (16,'H2',4);
INSERT INTO driver_vendor (id,name,driver_type_id) VALUES (17,'DB2',4);
INSERT INTO driver_vendor (id,name,driver_type_id) VALUES (18,'MongoDB',4);
INSERT INTO driver_vendor (id,name,driver_type_id) VALUES (19,'Elasticsearch',4);
INSERT INTO driver_vendor (id,name,driver_type_id) VALUES (20,'Redis',4);
INSERT INTO driver_vendor (id,name,driver_type_id) VALUES (21,'Cassandra',4);


-- api api driver
INSERT INTO driver_vendor (id,name,driver_type_id) VALUES (30,'REST',5);
INSERT INTO driver_vendor (id,name,driver_type_id) VALUES (31,'SOAP',5);
INSERT INTO driver_vendor (id,name,driver_type_id) VALUES (32,'RPC',5);

-- add type column to the driver property
ALTER TABLE "driver_property" ADD COLUMN type text;
ALTER TABLE "driver_property" ALTER COLUMN type SET NOT NULL;
ALTER TABLE "driver_property" RENAME COLUMN "comment" TO description;

ALTER TABLE "driver_property_entry" ADD COLUMN type text;
ALTER TABLE "driver_property_entry" ALTER COLUMN type SET NOT NULL;
ALTER TABLE "driver_property_entry" RENAME COLUMN "comment" TO description;

-- insert web driver property
INSERT INTO driver_property (id, driver_vendor_id, name, default_value, default_action, type, description) VALUES (1,1,'javascriptEnabled','true','ignore','boolean','Whether the session supports executing user supplied JavaScript in the context of the current page (only on HTMLUnitDriver).');
INSERT INTO driver_property (id, driver_vendor_id, name, default_value, default_action, type, description) VALUES (2,1,'databaseEnabled','true','ignore','boolean','Whether the session can interact with database storage.');
INSERT INTO driver_property (id, driver_vendor_id, name, default_value, default_action, type, description) VALUES (3,1,'locationContextEnabled','true','ignore','boolean','Whether the session can set and query the browser''s location context.');
INSERT INTO driver_property (id, driver_vendor_id, name, default_value, default_action, type, description) VALUES (4,1,'applicationCacheEnabled','true','ignore','boolean','Whether the session can interact with the application cache.');
INSERT INTO driver_property (id, driver_vendor_id, name, default_value, default_action, type, description) VALUES (5,1,'browserConnectionEnabled','true','ignore','boolean','Whether the session can query for the browser''s connectivity and disable it if desired.');
INSERT INTO driver_property (id, driver_vendor_id, name, default_value, default_action, type, description) VALUES (6,1,'webStorageEnabled','true','ignore','boolean','Whether the session supports interactions with storage objects. https://www.w3.org/TR/2009/WD-webstorage-20091029/');
INSERT INTO driver_property (id, driver_vendor_id, name, default_value, default_action, type, description) VALUES (7,1,'acceptSslCerts','true','ignore','boolean','Whether the session should accept all SSL certs by default.');
INSERT INTO driver_property (id, driver_vendor_id, name, default_value, default_action, type, description) VALUES (8,1,'rotatable','true','ignore','boolean','Whether the session can rotate the current page''s current layout between portrait and landscape orientations (only applies to mobile platforms).');
INSERT INTO driver_property (id, driver_vendor_id, name, default_value, default_action, type, description) VALUES (9,1,'nativeEvents','true','ignore','boolean','Whether the session is capable of generating native events when simulating user input.');
INSERT INTO driver_property (id, driver_vendor_id, name, default_value, default_action, type, description) VALUES (10,1,'proxy','null','ignore','proxy object','Details of any proxy to use. If no proxy is specified, whatever the system''s current or default state is used. The format is specified under Proxy JSON Object.');
INSERT INTO driver_property (id, driver_vendor_id, name, default_value, default_action, type, description) VALUES (11,1,'unexpectedAlertBehaviour','accept','ignore','string','What the browser should do with an unhandled alert before throwing out the UnhandledAlertException. Possible values are \"accept\", \"dismiss\" and \"ignore\"');
INSERT INTO driver_property (id, driver_vendor_id, name, default_value, default_action, type, description) VALUES (12,1,'elementScrollBehavior','0','ignore','integer','Allows the user to specify whether elements are scrolled into the viewport for interaction to align with the top (0) or bottom (1) of the viewport. The default value is to align with the top of the viewport. Supported in IE and Firefox (since 2.36)');
INSERT INTO driver_property (id, driver_vendor_id, name, default_value, default_action, type, description) VALUES (13,2,'javascriptEnabled','true','ignore','boolean','Whether the session supports executing user supplied JavaScript in the context of the current page (only on HTMLUnitDriver).');
INSERT INTO driver_property (id, driver_vendor_id, name, default_value, default_action, type, description) VALUES (14,2,'databaseEnabled','true','ignore','boolean','Whether the session can interact with database storage.');
INSERT INTO driver_property (id, driver_vendor_id, name, default_value, default_action, type, description) VALUES (15,2,'locationContextEnabled','true','ignore','boolean','Whether the session can set and query the browser''s location context.');
INSERT INTO driver_property (id, driver_vendor_id, name, default_value, default_action, type, description) VALUES (16,2,'applicationCacheEnabled','true','ignore','boolean','Whether the session can interact with the application cache.');
INSERT INTO driver_property (id, driver_vendor_id, name, default_value, default_action, type, description) VALUES (17,2,'browserConnectionEnabled','true','ignore','boolean','Whether the session can query for the browser''s connectivity and disable it if desired.');
INSERT INTO driver_property (id, driver_vendor_id, name, default_value, default_action, type, description) VALUES (18,2,'webStorageEnabled','true','ignore','boolean','Whether the session supports interactions with storage objects. https://www.w3.org/TR/2009/WD-webstorage-20091029/');
INSERT INTO driver_property (id, driver_vendor_id, name, default_value, default_action, type, description) VALUES (19,2,'acceptSslCerts','true','ignore','boolean','Whether the session should accept all SSL certs by default.');
INSERT INTO driver_property (id, driver_vendor_id, name, default_value, default_action, type, description) VALUES (20,2,'rotatable','true','ignore','boolean','Whether the session can rotate the current page''s current layout between portrait and landscape orientations (only applies to mobile platforms).');
INSERT INTO driver_property (id, driver_vendor_id, name, default_value, default_action, type, description) VALUES (21,2,'nativeEvents','true','ignore','boolean','Whether the session is capable of generating native events when simulating user input.');
INSERT INTO driver_property (id, driver_vendor_id, name, default_value, default_action, type, description) VALUES (22,2,'proxy','null','ignore','proxy object','Details of any proxy to use. If no proxy is specified, whatever the system''s current or default state is used. The format is specified under Proxy JSON Object.');
INSERT INTO driver_property (id, driver_vendor_id, name, default_value, default_action, type, description) VALUES (23,2,'unexpectedAlertBehaviour','accept','ignore','string','What the browser should do with an unhandled alert before throwing out the UnhandledAlertException. Possible values are \"accept\", \"dismiss\" and \"ignore\"');
INSERT INTO driver_property (id, driver_vendor_id, name, default_value, default_action, type, description) VALUES (24,2,'elementScrollBehavior','0','ignore','integer','Allows the user to specify whether elements are scrolled into the viewport for interaction to align with the top (0) or bottom (1) of the viewport. The default value is to align with the top of the viewport. Supported in IE and Firefox (since 2.36)');
INSERT INTO driver_property (id, driver_vendor_id, name, default_value, default_action, type, description) VALUES (25,3,'javascriptEnabled','true','ignore','boolean','Whether the session supports executing user supplied JavaScript in the context of the current page (only on HTMLUnitDriver).');
INSERT INTO driver_property (id, driver_vendor_id, name, default_value, default_action, type, description) VALUES (26,3,'databaseEnabled','true','ignore','boolean','Whether the session can interact with database storage.');
INSERT INTO driver_property (id, driver_vendor_id, name, default_value, default_action, type, description) VALUES (27,3,'locationContextEnabled','true','ignore','boolean','Whether the session can set and query the browser''s location context.');
INSERT INTO driver_property (id, driver_vendor_id, name, default_value, default_action, type, description) VALUES (28,3,'applicationCacheEnabled','true','ignore','boolean','Whether the session can interact with the application cache.');
INSERT INTO driver_property (id, driver_vendor_id, name, default_value, default_action, type, description) VALUES (29,3,'browserConnectionEnabled','true','ignore','boolean','Whether the session can query for the browser''s connectivity and disable it if desired.');
INSERT INTO driver_property (id, driver_vendor_id, name, default_value, default_action, type, description) VALUES (30,3,'webStorageEnabled','true','ignore','boolean','Whether the session supports interactions with storage objects. https://www.w3.org/TR/2009/WD-webstorage-20091029/');
INSERT INTO driver_property (id, driver_vendor_id, name, default_value, default_action, type, description) VALUES (31,3,'acceptSslCerts','true','ignore','boolean','Whether the session should accept all SSL certs by default.');
INSERT INTO driver_property (id, driver_vendor_id, name, default_value, default_action, type, description) VALUES (32,3,'rotatable','true','ignore','boolean','Whether the session can rotate the current page''s current layout between portrait and landscape orientations (only applies to mobile platforms).');
INSERT INTO driver_property (id, driver_vendor_id, name, default_value, default_action, type, description) VALUES (33,3,'nativeEvents','true','ignore','boolean','Whether the session is capable of generating native events when simulating user input.');
INSERT INTO driver_property (id, driver_vendor_id, name, default_value, default_action, type, description) VALUES (34,3,'proxy','null','ignore','proxy object','Details of any proxy to use. If no proxy is specified, whatever the system''s current or default state is used. The format is specified under Proxy JSON Object.');
INSERT INTO driver_property (id, driver_vendor_id, name, default_value, default_action, type, description) VALUES (35,3,'unexpectedAlertBehaviour','accept','ignore','string','What the browser should do with an unhandled alert before throwing out the UnhandledAlertException. Possible values are \"accept\", \"dismiss\" and \"ignore\"');
INSERT INTO driver_property (id, driver_vendor_id, name, default_value, default_action, type, description) VALUES (36,3,'elementScrollBehavior','0','ignore','integer','Allows the user to specify whether elements are scrolled into the viewport for interaction to align with the top (0) or bottom (1) of the viewport. The default value is to align with the top of the viewport. Supported in IE and Firefox (since 2.36)');
INSERT INTO driver_property (id, driver_vendor_id, name, default_value, default_action, type, description) VALUES (37,4,'javascriptEnabled','true','ignore','boolean','Whether the session supports executing user supplied JavaScript in the context of the current page (only on HTMLUnitDriver).');
INSERT INTO driver_property (id, driver_vendor_id, name, default_value, default_action, type, description) VALUES (38,4,'databaseEnabled','true','ignore','boolean','Whether the session can interact with database storage.');
INSERT INTO driver_property (id, driver_vendor_id, name, default_value, default_action, type, description) VALUES (39,4,'locationContextEnabled','true','ignore','boolean','Whether the session can set and query the browser''s location context.');
INSERT INTO driver_property (id, driver_vendor_id, name, default_value, default_action, type, description) VALUES (40,4,'applicationCacheEnabled','true','ignore','boolean','Whether the session can interact with the application cache.');
INSERT INTO driver_property (id, driver_vendor_id, name, default_value, default_action, type, description) VALUES (41,4,'browserConnectionEnabled','true','ignore','boolean','Whether the session can query for the browser''s connectivity and disable it if desired.');
INSERT INTO driver_property (id, driver_vendor_id, name, default_value, default_action, type, description) VALUES (42,4,'webStorageEnabled','true','ignore','boolean','Whether the session supports interactions with storage objects. https://www.w3.org/TR/2009/WD-webstorage-20091029/');
INSERT INTO driver_property (id, driver_vendor_id, name, default_value, default_action, type, description) VALUES (43,4,'acceptSslCerts','true','ignore','boolean','Whether the session should accept all SSL certs by default.');
INSERT INTO driver_property (id, driver_vendor_id, name, default_value, default_action, type, description) VALUES (44,4,'rotatable','true','ignore','boolean','Whether the session can rotate the current page''s current layout between portrait and landscape orientations (only applies to mobile platforms).');
INSERT INTO driver_property (id, driver_vendor_id, name, default_value, default_action, type, description) VALUES (45,4,'nativeEvents','true','ignore','boolean','Whether the session is capable of generating native events when simulating user input.');
INSERT INTO driver_property (id, driver_vendor_id, name, default_value, default_action, type, description) VALUES (46,4,'proxy','null','ignore','proxy object','Details of any proxy to use. If no proxy is specified, whatever the system''s current or default state is used. The format is specified under Proxy JSON Object.');
INSERT INTO driver_property (id, driver_vendor_id, name, default_value, default_action, type, description) VALUES (47,4,'unexpectedAlertBehaviour','accept','ignore','string','What the browser should do with an unhandled alert before throwing out the UnhandledAlertException. Possible values are \"accept\", \"dismiss\" and \"ignore\"');
INSERT INTO driver_property (id, driver_vendor_id, name, default_value, default_action, type, description) VALUES (48,4,'elementScrollBehavior','0','ignore','integer','Allows the user to specify whether elements are scrolled into the viewport for interaction to align with the top (0) or bottom (1) of the viewport. The default value is to align with the top of the viewport. Supported in IE and Firefox (since 2.36)');
INSERT INTO driver_property (id, driver_vendor_id, name, default_value, default_action, type, description) VALUES (49,5,'javascriptEnabled','true','ignore','boolean','Whether the session supports executing user supplied JavaScript in the context of the current page (only on HTMLUnitDriver).');
INSERT INTO driver_property (id, driver_vendor_id, name, default_value, default_action, type, description) VALUES (50,5,'databaseEnabled','true','ignore','boolean','Whether the session can interact with database storage.');
INSERT INTO driver_property (id, driver_vendor_id, name, default_value, default_action, type, description) VALUES (51,5,'locationContextEnabled','true','ignore','boolean','Whether the session can set and query the browser''s location context.');
INSERT INTO driver_property (id, driver_vendor_id, name, default_value, default_action, type, description) VALUES (52,5,'applicationCacheEnabled','true','ignore','boolean','Whether the session can interact with the application cache.');
INSERT INTO driver_property (id, driver_vendor_id, name, default_value, default_action, type, description) VALUES (53,5,'browserConnectionEnabled','true','ignore','boolean','Whether the session can query for the browser''s connectivity and disable it if desired.');
INSERT INTO driver_property (id, driver_vendor_id, name, default_value, default_action, type, description) VALUES (54,5,'webStorageEnabled','true','ignore','boolean','Whether the session supports interactions with storage objects. https://www.w3.org/TR/2009/WD-webstorage-20091029/');
INSERT INTO driver_property (id, driver_vendor_id, name, default_value, default_action, type, description) VALUES (55,5,'acceptSslCerts','true','ignore','boolean','Whether the session should accept all SSL certs by default.');
INSERT INTO driver_property (id, driver_vendor_id, name, default_value, default_action, type, description) VALUES (56,5,'rotatable','true','ignore','boolean','Whether the session can rotate the current page''s current layout between portrait and landscape orientations (only applies to mobile platforms).');
INSERT INTO driver_property (id, driver_vendor_id, name, default_value, default_action, type, description) VALUES (57,5,'nativeEvents','true','ignore','boolean','Whether the session is capable of generating native events when simulating user input.');
INSERT INTO driver_property (id, driver_vendor_id, name, default_value, default_action, type, description) VALUES (58,5,'proxy','null','ignore','proxy object','Details of any proxy to use. If no proxy is specified, whatever the system''s current or default state is used. The format is specified under Proxy JSON Object.');
INSERT INTO driver_property (id, driver_vendor_id, name, default_value, default_action, type, description) VALUES (59,5,'unexpectedAlertBehaviour','accept','ignore','string','What the browser should do with an unhandled alert before throwing out the UnhandledAlertException. Possible values are \"accept\", \"dismiss\" and \"ignore\"');
INSERT INTO driver_property (id, driver_vendor_id, name, default_value, default_action, type, description) VALUES (60,5,'elementScrollBehavior','0','ignore','integer','Allows the user to specify whether elements are scrolled into the viewport for interaction to align with the top (0) or bottom (1) of the viewport. The default value is to align with the top of the viewport. Supported in IE and Firefox (since 2.36)');

-- firefox only
INSERT INTO driver_property (id, driver_vendor_id, name, default_value, default_action, type, description) VALUES (100,1,'loggingPrefs','null','ignore','LoggingPreferences object','Preferences for logging');
INSERT INTO driver_property (id, driver_vendor_id, name, default_value, default_action, type, description) VALUES (101,1,'firefox_binary','null','ignore','string','Path to firefox binary file to use.');
INSERT INTO driver_property (id, driver_vendor_id, name, default_value, default_action, type, description) VALUES (102,1,'pageLoadingStrategy','null','ignore','string','See https://w3c.github.io/webdriver/webdriver-spec.html#the-page-load-strategy');
-- chrome only
INSERT INTO driver_property (id, driver_vendor_id, name, default_value, default_action, type, description) VALUES (120,2,'args','null','ignore','list of strings','List of command-line arguments to use when starting Chrome. Arguments with an associated value should be separated by a ''='' sign (e.g., [''start-maximized'', ''user-data-dir=/tmp/temp_profile'']). See here for a list of Chrome arguments.');
INSERT INTO driver_property (id, driver_vendor_id, name, default_value, default_action, type, description) VALUES (121,2,'binary','null','ignore','string','Path to the Chrome executable to use (on Mac OS X, this should be the actual binary, not just the app. e.g., ''/Applications/Google Chrome.app/Contents/MacOS/Google Chrome'')');
INSERT INTO driver_property (id, driver_vendor_id, name, default_value, default_action, type, description) VALUES (122,2,'extensions','null','ignore','list of strings','A list of Chrome extensions to install on startup. Each item in the list should be a base-64 encoded packed Chrome extension (.crx)');
INSERT INTO driver_property (id, driver_vendor_id, name, default_value, default_action, type, description) VALUES (123,2,'localState','null','ignore','dictionary','A dictionary with each entry consisting of the name of the preference and its value. These preferences are applied to the Local State file in the user data folder.');
INSERT INTO driver_property (id, driver_vendor_id, name, default_value, default_action, type, description) VALUES (124,2,'prefs','null','ignore','dictionary','A dictionary with each entry consisting of the name of the preference and its value. These preferences are only applied to the user profile in use. See the ''Preferences'' file in Chrome''s user data directory for examples.');
INSERT INTO driver_property (id, driver_vendor_id, name, default_value, default_action, type, description) VALUES (125,2,'detach','false','ignore','boolean','If false, Chrome will be quit when ChromeDriver is killed, regardless of whether the session is quit. If true, Chrome will only be quit if the session is quit (or closed). Note, if true, and the session is not quit, ChromeDriver cannot clean up the temporary user data directory that the running Chrome instance is using.');
INSERT INTO driver_property (id, driver_vendor_id, name, default_value, default_action, type, description) VALUES (126,2,'debuggerAddress','null','ignore','string','An address of a Chrome debugger server to connect to, in the form of <hostname/ip:port>, e.g. ''127.0.0.1:38947''');
INSERT INTO driver_property (id, driver_vendor_id, name, default_value, default_action, type, description) VALUES (127,2,'excludeSwitches','null','ignore','list of strings','List of Chrome command line switches to exclude that ChromeDriver by default passes when starting Chrome.  Do not prefix switches with --.');
INSERT INTO driver_property (id, driver_vendor_id, name, default_value, default_action, type, description) VALUES (128,2,'minidumpPath','null','ignore','string','Directory to store Chrome minidumps . (Supported only on Linux.)');
INSERT INTO driver_property (id, driver_vendor_id, name, default_value, default_action, type, description) VALUES (129,2,'mobileEmulation','null','ignore','dictionary','A dictionary with either a value for “deviceName,” or values for “deviceMetrics” and “userAgent.” Refer to Mobile Emulation for more information.');
INSERT INTO driver_property (id, driver_vendor_id, name, default_value, default_action, type, description) VALUES (130,2,'perfLoggingPrefs	','null','ignore','dictionary','An optional dictionary that specifies performance logging preferences. See below for more information.');
INSERT INTO driver_property (id, driver_vendor_id, name, default_value, default_action, type, description) VALUES (131,2,'windowTypes','null','ignore','list of strings','A list of window types that will appear in the list of window handles. For access to <webview> elements, include "webview" in this list.');
-- ie only
INSERT INTO driver_property (id, driver_vendor_id, name, default_value, default_action, type, description) VALUES (140,3,'gnoreProtectedModeSettings','false','ignore','boolean','Whether to skip the protected mode check. If set, tests may become flaky, unresponsive, or browsers may hang. If not set, and protected mode settings are not the same for all zones, an exception will be thrown on driver construction. Only ""best effort"" support is provided when using this capability.\"');
INSERT INTO driver_property (id, driver_vendor_id, name, default_value, default_action, type, description) VALUES (141,3,'ignoreZoomSetting','null','ignore','boolean','Indicates whether to skip the check that the browser''s zoom level is set to 100%. Value is set to false by default.');
INSERT INTO driver_property (id, driver_vendor_id, name, default_value, default_action, type, description) VALUES (142,3,'initialBrowserUrl','true','ignore','string','Allows the user to specify the initial URL loaded when IE starts. Intended to be used with ignoreProtectedModeSettings to allow the user to initialize IE in the proper Protected Mode zone. Using this capability may cause browser instability or flaky and unresponsive code. Only ""best effort"" support is provided when using this capability."');
INSERT INTO driver_property (id, driver_vendor_id, name, default_value, default_action, type, description) VALUES (143,3,'enablePersistentHover','true','ignore','boolean','Determines whether persistent hovering is enabled (true by default). Persistent hovering is achieved by continuously firing mouse over events at the last location the mouse cursor has been moved to.');
INSERT INTO driver_property (id, driver_vendor_id, name, default_value, default_action, type, description) VALUES (144,3,'enableElementCacheCleanup','true','ignore','boolean','Determines whether the driver should attempt to remove obsolete elements from the element cache on page navigation (true by default). This is to help manage the IE driver''s memory footprint, removing references to invalid elements."');
INSERT INTO driver_property (id, driver_vendor_id, name, default_value, default_action, type, description) VALUES (145,3,'requireWindowFocus','false','ignore','boolean','Determines whether to require that the IE window have focus before performing any user interaction operations (mouse or keyboard events). This capability is false by default, but delivers much more accurate native events interactions."');
INSERT INTO driver_property (id, driver_vendor_id, name, default_value, default_action, type, description) VALUES (146,3,'browserAttachTimeout','0','ignore','integer','The timeout, in milliseconds, that the driver will attempt to locate and attach to a newly opened instance of Internet Explorer. The default is zero, which indicates waiting indefinitely."');
INSERT INTO driver_property (id, driver_vendor_id, name, default_value, default_action, type, description) VALUES (147,3,'ie.forceCreateProcessApi','null','ignore','boolean','Forces launching Internet Explorer using the CreateProcess API. If this option is not specified, IE is launched using the IELaunchURL, if it is available. For IE 8 and above, this option requires the TabProcGrowth registry value to be set to 0."');
INSERT INTO driver_property (id, driver_vendor_id, name, default_value, default_action, type, description) VALUES (148,3,'ie.browserCommandLineSwitches','null','ignore','string','Specifies command-line switches with which to launch Internet Explorer. This is only valid when used with the forceCreateProcess.');
INSERT INTO driver_property (id, driver_vendor_id, name, default_value, default_action, type, description) VALUES (149,3,'ie.usePerProcessProxy','false','ignore','boolean','When a proxy is specified using the proxy capability, this capability sets the proxy settings on a per-process basis when set to true. The default is false, which means the proxy capability will set the system proxy, which IE will use."');
INSERT INTO driver_property (id, driver_vendor_id, name, default_value, default_action, type, description) VALUES (150,3,'ie.ensureCleanSession','true','ignore','boolean','When set to true, this capability clears the cache, cookies, history, and saved form data. When using this capability, be aware that this clears the cache for all running instances of Internet Explorer, including those started manually."');
INSERT INTO driver_property (id, driver_vendor_id, name, default_value, default_action, type, description) VALUES (151,3,'logFile','stdout','ignore','string','The path to file where server should write log messages to. By default it writes to stdout.');
INSERT INTO driver_property (id, driver_vendor_id, name, default_value, default_action, type, description) VALUES (152,3,'logLevel','FATAL','ignore','string','The log level used by the server. Valid values are TRACE, DEBUG, INFO, WARN, ERROR, and FATAL. Defaults to FATAL if not specified."');
INSERT INTO driver_property (id, driver_vendor_id, name, default_value, default_action, type, description) VALUES (153,3,'host','null','ignore','string','The address of the host adapter on which the server will listen for commands.');
INSERT INTO driver_property (id, driver_vendor_id, name, default_value, default_action, type, description) VALUES (154,3,'extractPath','null','ignore','string','The path to the directory used to extract supporting files used by the server. Defaults to the TEMP directory if not specified.');
INSERT INTO driver_property (id, driver_vendor_id, name, default_value, default_action, type, description) VALUES (155,3,'silent','null','ignore','boolean','Suppresses diagnostic output when the server is started.');
INSERT INTO driver_property (id, driver_vendor_id, name, default_value, default_action, type, description) VALUES (156,3,'ie.setProxyByServer','true','ignore','boolean','Defines used proxy setter. False means WindowsProxyManager will be used for setting proxy settings. True means IEDriverServer will be used for setting proxy settings. Currently it''s False by default. In next releases it will be set to True by default and removed.');

-- insert jdbc property
INSERT INTO driver_property (id, driver_vendor_id, name, default_value, default_action, type, description) VALUES (200,10,'dataSourceClassName','null','ignore','string','This is the name of the DataSource class provided by the JDBC driver. Consult the documentation for your specific JDBC driver to get this class name.');
INSERT INTO driver_property (id, driver_vendor_id, name, default_value, default_action, type, description) VALUES (201,10,'jdbcUrl','null','ignore','string','When using this property with ""old"" drivers, you may also need to set the driverClassName property, but try it first without.Note that if this property is used, you may still use DataSource properties to configure your driver and is in fact recommended over driver parameters specified in the URL itself.');
INSERT INTO driver_property (id, driver_vendor_id, name, default_value, default_action, type, description) VALUES (202,10,'username','null','ignore','string','This property sets the default authentication username used when obtaining Connections from the underlying driver.');
INSERT INTO driver_property (id, driver_vendor_id, name, default_value, default_action, type, description) VALUES (203,10,'password','null','ignore','string','This property sets the default authentication password used when obtaining Connections from the underlying driver.');
INSERT INTO driver_property (id, driver_vendor_id, name, default_value, default_action, type, description) VALUES (204,11,'dataSourceClassName','null','ignore','string','This is the name of the DataSource class provided by the JDBC driver. Consult the documentation for your specific JDBC driver to get this class name.');
INSERT INTO driver_property (id, driver_vendor_id, name, default_value, default_action, type, description) VALUES (205,11,'jdbcUrl','null','ignore','string','When using this property with ""old"" drivers, you may also need to set the driverClassName property, but try it first without.Note that if this property is used, you may still use DataSource properties to configure your driver and is in fact recommended over driver parameters specified in the URL itself.');
INSERT INTO driver_property (id, driver_vendor_id, name, default_value, default_action, type, description) VALUES (206,11,'username','null','ignore','string','This property sets the default authentication username used when obtaining Connections from the underlying driver.');
INSERT INTO driver_property (id, driver_vendor_id, name, default_value, default_action, type, description) VALUES (207,11,'password','null','ignore','string','This property sets the default authentication password used when obtaining Connections from the underlying driver.');
INSERT INTO driver_property (id, driver_vendor_id, name, default_value, default_action, type, description) VALUES (208,12,'dataSourceClassName','null','ignore','string','This is the name of the DataSource class provided by the JDBC driver. Consult the documentation for your specific JDBC driver to get this class name.');
INSERT INTO driver_property (id, driver_vendor_id, name, default_value, default_action, type, description) VALUES (209,12,'jdbcUrl','null','ignore','string','When using this property with ""old"" drivers, you may also need to set the driverClassName property, but try it first without.Note that if this property is used, you may still use DataSource properties to configure your driver and is in fact recommended over driver parameters specified in the URL itself.');
INSERT INTO driver_property (id, driver_vendor_id, name, default_value, default_action, type, description) VALUES (210,12,'username','null','ignore','string','This property sets the default authentication username used when obtaining Connections from the underlying driver.');
INSERT INTO driver_property (id, driver_vendor_id, name, default_value, default_action, type, description) VALUES (211,12,'password','null','ignore','string','This property sets the default authentication password used when obtaining Connections from the underlying driver.');
INSERT INTO driver_property (id, driver_vendor_id, name, default_value, default_action, type, description) VALUES (212,13,'dataSourceClassName','null','ignore','string','This is the name of the DataSource class provided by the JDBC driver. Consult the documentation for your specific JDBC driver to get this class name.');
INSERT INTO driver_property (id, driver_vendor_id, name, default_value, default_action, type, description) VALUES (213,13,'jdbcUrl','null','ignore','string','When using this property with ""old"" drivers, you may also need to set the driverClassName property, but try it first without.Note that if this property is used, you may still use DataSource properties to configure your driver and is in fact recommended over driver parameters specified in the URL itself.');
INSERT INTO driver_property (id, driver_vendor_id, name, default_value, default_action, type, description) VALUES (214,13,'username','null','ignore','string','This property sets the default authentication username used when obtaining Connections from the underlying driver.');
INSERT INTO driver_property (id, driver_vendor_id, name, default_value, default_action, type, description) VALUES (215,13,'password','null','ignore','string','This property sets the default authentication password used when obtaining Connections from the underlying driver.');
INSERT INTO driver_property (id, driver_vendor_id, name, default_value, default_action, type, description) VALUES (216,14,'dataSourceClassName','null','ignore','string','This is the name of the DataSource class provided by the JDBC driver. Consult the documentation for your specific JDBC driver to get this class name.');
INSERT INTO driver_property (id, driver_vendor_id, name, default_value, default_action, type, description) VALUES (217,14,'jdbcUrl','null','ignore','string','When using this property with ""old"" drivers, you may also need to set the driverClassName property, but try it first without.Note that if this property is used, you may still use DataSource properties to configure your driver and is in fact recommended over driver parameters specified in the URL itself.');
INSERT INTO driver_property (id, driver_vendor_id, name, default_value, default_action, type, description) VALUES (218,14,'username','null','ignore','string','This property sets the default authentication username used when obtaining Connections from the underlying driver.');
INSERT INTO driver_property (id, driver_vendor_id, name, default_value, default_action, type, description) VALUES (219,14,'password','null','ignore','string','This property sets the default authentication password used when obtaining Connections from the underlying driver.');
INSERT INTO driver_property (id, driver_vendor_id, name, default_value, default_action, type, description) VALUES (220,15,'dataSourceClassName','null','ignore','string','This is the name of the DataSource class provided by the JDBC driver. Consult the documentation for your specific JDBC driver to get this class name.');
INSERT INTO driver_property (id, driver_vendor_id, name, default_value, default_action, type, description) VALUES (221,15,'jdbcUrl','null','ignore','string','When using this property with ""old"" drivers, you may also need to set the driverClassName property, but try it first without.Note that if this property is used, you may still use DataSource properties to configure your driver and is in fact recommended over driver parameters specified in the URL itself.');
INSERT INTO driver_property (id, driver_vendor_id, name, default_value, default_action, type, description) VALUES (222,15,'username','null','ignore','string','This property sets the default authentication username used when obtaining Connections from the underlying driver.');
INSERT INTO driver_property (id, driver_vendor_id, name, default_value, default_action, type, description) VALUES (223,15,'password','null','ignore','string','This property sets the default authentication password used when obtaining Connections from the underlying driver.');
INSERT INTO driver_property (id, driver_vendor_id, name, default_value, default_action, type, description) VALUES (224,16,'dataSourceClassName','null','ignore','string','This is the name of the DataSource class provided by the JDBC driver. Consult the documentation for your specific JDBC driver to get this class name.');
INSERT INTO driver_property (id, driver_vendor_id, name, default_value, default_action, type, description) VALUES (225,16,'jdbcUrl','null','ignore','string','When using this property with ""old"" drivers, you may also need to set the driverClassName property, but try it first without.Note that if this property is used, you may still use DataSource properties to configure your driver and is in fact recommended over driver parameters specified in the URL itself.');
INSERT INTO driver_property (id, driver_vendor_id, name, default_value, default_action, type, description) VALUES (226,16,'username','null','ignore','string','This property sets the default authentication username used when obtaining Connections from the underlying driver.');
INSERT INTO driver_property (id, driver_vendor_id, name, default_value, default_action, type, description) VALUES (227,16,'password','null','ignore','string','This property sets the default authentication password used when obtaining Connections from the underlying driver.');
INSERT INTO driver_property (id, driver_vendor_id, name, default_value, default_action, type, description) VALUES (228,17,'dataSourceClassName','null','ignore','string','This is the name of the DataSource class provided by the JDBC driver. Consult the documentation for your specific JDBC driver to get this class name.');
INSERT INTO driver_property (id, driver_vendor_id, name, default_value, default_action, type, description) VALUES (229,17,'jdbcUrl','null','ignore','string','When using this property with ""old"" drivers, you may also need to set the driverClassName property, but try it first without.Note that if this property is used, you may still use DataSource properties to configure your driver and is in fact recommended over driver parameters specified in the URL itself.');
INSERT INTO driver_property (id, driver_vendor_id, name, default_value, default_action, type, description) VALUES (230,17,'username','null','ignore','string','This property sets the default authentication username used when obtaining Connections from the underlying driver.');
INSERT INTO driver_property (id, driver_vendor_id, name, default_value, default_action, type, description) VALUES (231,17,'password','null','ignore','string','This property sets the default authentication password used when obtaining Connections from the underlying driver.');
